customer_id,first_name,last_name,email,phone,address
1,John,Doe,user1@example.com,555-0001,1 Main St
2,John,Doe,user2@example.com,555-0002,2 Main St
3,John,Doe,user3@example.com,555-0003,3 Main St
4,John,Doe,user4@example.com,555-0004,4 Main St
5,John,Doe,user5@example.com,555-0005,5 Main St
6,John,Doe,user6@example.com,555-0006,6 Main St
7,John,Doe,user7@example.com,555-0007,7 Main St
8,John,Doe,user8@example.com,555-0008,8 Main St
9,John,Doe,user9@example.com,555-0009,9 Main St
10,John,Doe,user10@example.com,555-0010,10 Main St
11,John,Doe,user11@example.com,555-0011,11 Main St
12,John,Doe,user12@example.com,555-0012,12 Main St
13,John,Doe,user13@example.com,555-0013,13 Main St
14,John,Doe,user14@example.com,555-0014,14 Main St
15,John,Doe,user15@example.com,555-0015,15 Main St
16,John,Doe,user16@example.com,555-0016,16 Main St
17,John,Doe,user17@example.com,555-0017,17 Main St
18,John,Doe,user18@example.com,555-0018,18 Main St
19,John,Doe,user19@example.com,555-0019,19 Main St
20,John,Doe,user20@example.com,555-0020,20 Main St
21,John,Doe,user21@example.com,555-0021,21 Main St
22,John,Doe,user22@example.com,555-0022,22 Main St
23,John,Doe,user23@example.com,555-0023,23 Main St
24,John,Doe,user24@example.com,555-0024,24 Main St
25,John,Doe,user25@example.com,555-0025,25 Main St
26,John,Doe,user26@example.com,555-0026,26 Main St
27,John,Doe,user27@example.com,555-0027,27 Main St
28,John,Doe,user28@example.com,555-0028,28 Main St
29,John,Doe,user29@example.com,555-0029,29 Main St
30,John,Doe,user30@example.com,555-0030,30 Main St
31,John,Doe,user31@example.com,555-0031,31 Main St
32,John,Doe,user32@example.com,555-0032,32 Main St
33,John,Doe,user33@example.com,555-0033,33 Main St
34,John,Doe,user34@example.com,555-0034,34 Main St
35,John,Doe,user35@example.com,555-0035,35 Main St
36,John,Doe,user36@example.com,555-0036,36 Main St
37,John,Doe,user37@example.com,555-0037,37 Main St
38,John,Doe,user38@example.com,555-0038,38 Main St
39,John,Doe,user39@example.com,555-0039,39 Main St
40,John,Doe,user40@example.com,555-0040,40 Main St
41,John,Doe,user41@example.com,555-0041,41 Main St
42,John,Doe,user42@example.com,555-0042,42 Main St
43,John,Doe,user43@example.com,555-0043,43 Main St
44,John,Doe,user44@example.com,555-0044,44 Main St
45,John,Doe,user45@example.com,555-0045,45 Main St
46,John,Doe,user46@example.com,555-0046,46 Main St
47,John,Doe,user47@example.com,555-0047,47 Main St
48,John,Doe,user48@example.com,555-0048,48 Main St
49,John,Doe,user49@example.com,555-0049,49 Main St
50,John,Doe,user50@example.com,555-0050,50 Main St
51,John,Doe,user51@example.com,555-0051,51 Main St
52,John,Doe,user52@example.com,555-0052,52 Main St
53,John,Doe,user53@example.com,555-0053,53 Main St
54,John,Doe,user54@example.com,555-0054,54 Main St
55,John,Doe,user55@example.com,555-0055,55 Main St
56,John,Doe,user56@example.com,555-0056,56 Main St
57,John,Doe,user57@example.com,555-0057,57 Main St
58,John,Doe,user58@example.com,555-0058,58 Main St
59,John,Doe,user59@example.com,555-0059,59 Main St
60,John,Doe,user60@example.com,555-0060,60 Main St
61,John,Doe,user61@example.com,555-0061,61 Main St
62,John,Doe,user62@example.com,555-0062,62 Main St
63,John,Doe,user63@example.com,555-0063,63 Main St
64,John,Doe,user64@example.com,555-0064,64 Main St
65,John,Doe,user65@example.com,555-0065,65 Main St
66,John,Doe,user66@example.com,555-0066,66 Main St
67,John,Doe,user67@example.com,555-0067,67 Main St
68,John,Doe,user68@example.com,555-0068,68 Main St
69,John,Doe,user69@example.com,555-0069,69 Main St
70,John,Doe,user70@example.com,555-0070,70 Main St
71,John,Doe,user71@example.com,555-0071,
72,John,Doe,user72@example.com,555-0072,
73,John,Doe,user73@example.com,555-0073,
74,John,Doe,user74@example.com,555-0074,
75,John,Doe,user75@example.com,555-0075,
76,John,Doe,user76@example.com,,
77,John,Doe,user77@example.com,,
78,John,Doe,user78@example.com,,
79,John,Doe,user79@example.com,,
80,John,Doe,user80@example.com,,
81,John,Doe,,,
82,John,Doe,,,
83,John,Doe,,,
84,John,Doe,,,
85,John,Doe,,,
86,John,Doe,,,
87,John,Doe,,,
88,John,Doe,,,
89,John,Doe,,,
90,John,Doe,,,
91,John,,,,
92,John,,,,
93,John,,,,
94,John,,,,
95,John,,,,
96,,,,,
97,,,,,
98,,,,,
99,,,,,
100,,,,,
